{
    "paths": [
        {
            "id": 0,
            "_speed": -4.0,
            "inplace": false,
            "decelerate": true,
            "data": [
                [
                    24.92134134522194,
                    21.75
                ],
                [
                    24.95646443109129,
                    28.0
                ]
            ]
        },
        {
            "id": 1,
            "_speed": 4.0,
            "inplace": true,
            "decelerate": true,
            "data": [
                [
                    24.95646443109129,
                    28.0
                ],
                [
                    25.5,
                    22.0
                ]
            ]
        },
        {
            "id": 2,
            "_speed": -5.0,
            "inplace": true,
            "decelerate": true,
            "data": [
                [
                    25.5,
                    22.0
                ],
                [
                    16.627,
                    20.5919
                ],
                [
                    3.66,
                    21.15
                ]
            ]
        },
        {
            "id": 3,
            "_speed": 7.0,
            "inplace": true,
            "decelerate": true,
            "data": [
                [
                    3.66,
                    21.15
                ],
                [
                    17.0,
                    18.0
                ]
            ]
        }
    ]
}